cohesion,syntax,vocabulary,phraseology,grammar,conventions
[2.7793517],[2.7308972],[2.4749029],[2.5623996],[2.5037456],[2.3332062]
[2.5565083],[2.1852205],[2.3468852],[2.396272],[2.2390304],[2.4921985]
[3.301841],[3.1267107],[3.5508475],[3.3705094],[3.3272362],[3.1321583]
