cohesion,syntax,vocabulary,phraseology,grammar,conventions
[2.5931156],[2.479669],[2.5357702],[2.567508],[2.5513806],[2.459414]
[2.1766214],[2.0940685],[2.1159852],[2.150983],[2.106372],[2.0333738]
[3.2411556],[3.2195783],[3.2040198],[3.2234426],[3.18452],[3.1509922]
