cohesion,syntax,vocabulary,phraseology,grammar,conventions
[2.621414],[2.6541393],[2.5947647],[2.615292],[2.5948386],[2.6697006]
[2.3921046],[2.2611816],[2.535372],[2.5748088],[2.5371714],[2.4650273]
[3.439069],[3.292361],[3.385536],[3.475748],[3.4434514],[3.3016825]
