cohesion,syntax,vocabulary,phraseology,grammar,conventions
[2.8263953],[2.5677924],[2.668589],[2.715432],[2.9814205],[2.70154]
[2.823743],[2.271328],[2.4135852],[2.3818395],[2.8290257],[2.5062795]
[3.6324189],[3.4707792],[4.025561],[3.747268],[3.6630204],[3.817479]
